n;time;error;timeMKL;errorMKL
1000;0.734600;-0.000000;0.033800;-0.000000
2000;17.108200;-0.000000;0.230800;-0.000000
3000;68.520600;-0.000000;0.657800;0.000000
4000;188.833600;-0.000000;1.536400;0.000000
5000;406.491800;0.000000;2.936800;-0.000000
6000;1344.513800;0.000000;8.320000;-0.000000
7000;1822.712400;0.000000;10.369000;0.000000
8000;1981.229600;0.000000;11.665000;-0.000000
9000;2785.465800;0.000000;15.756200;0.000000
10000;5157.851600;0.000000;29.624400;-0.000000